claim_id,customer_id,incident_severity,authorities_contacted,total_claim_amount,is_fraud
01KHPGGTQA24CGV5CRQA9XBCDY,930,Trivial,None,6941,N
01KHPGGTRV43Y1TGFV19JCCNJC,142,Total Loss,Police,8369,N
01KHPGGTRXZZQF46XGHY1M3BGV,815,Minor,Ambulance,13699,N
01KHPGGTRYKS4ZPY3CF6GTCKZ5,521,Major,Police,14517,N
01KHPGGTRZ8SKAX45CEF52N6T8,672,Trivial,Police,12006,N
01KHPGGTS018NQ556J2AEAHQ6K,33,Minor,None,8654,Y
01KHPGGTS1ZPM42WSKMWCM8NJA,328,Trivial,None,9147,N
01KHPGGTS2BRP3AS819T2708T0,178,Total Loss,None,8885,N
01KHPGGTS318HA5E8D1TSEVDZ0,794,Major,Fire,1475,N
01KHPGGTS4FZB9WVRE2JD7PTBB,766,Total Loss,Police,1177,N
01KHPGGTS5ETWVG9V51BJ0B28D,685,Major,Fire,12487,N
01KHPGGTS62F549641GB5ETDQT,663,Total Loss,None,11358,Y
01KHPGGTS791SV9D7QJNAWKB8P,520,Total Loss,None,4113,Y
01KHPGGTS8QMCZ9KK9YJK29JTT,858,Major,Police,9055,N
01KHPGGTS95Q292R3C0DZJMRXY,676,Major,Fire,6100,N
01KHPGGTSAZMQP3WNZWP3XE1H1,53,Minor,Fire,11820,N
01KHPGGTSBMD5H7CJ5HJ6EGTB5,533,Major,Ambulance,9973,N
01KHPGGTSCBPSR1ZVTSTKC03NA,409,Trivial,Ambulance,13758,N
01KHPGGTSDHERSAFNKZ35Z2VWX,970,Total Loss,Ambulance,11950,N
01KHPGGTSETAK2J3CNWFGS8642,984,Major,Police,5076,N
01KHPGGTSFFWBMD8F5C3AKVPAM,927,Minor,Police,4903,N
01KHPGGTSGD6P9005XQ3NSBMP7,94,Minor,None,13437,N
01KHPGGTSH6YZJ5XS6F4PV7K5V,882,Trivial,None,3487,N
01KHPGGTSJFN1KJ9ABY4ABF9Z8,73,Major,None,13362,N
01KHPGGTSKY703VCE1GKBCQHFZ,763,Major,Ambulance,765,N
01KHPGGTSMS2WS5V360SN2EHHT,735,Minor,Police,6854,N
01KHPGGTSN43MCJEJEY2GREHPX,941,Trivial,Fire,5994,N
01KHPGGTSP9WN4H88Y3P4Y0K3E,147,Total Loss,Fire,9538,N
01KHPGGTSQHYM0YJH3QYT3K40E,855,Major,Police,11305,N
01KHPGGTSRZ4HDZFQD3Q28A4RM,669,Minor,Fire,6533,N
01KHPGGTSS2HH51Q25EMEDX4P3,853,Minor,None,14556,Y
01KHPGGTST5BN7TMW6240WMKXB,348,Trivial,Police,9575,N
01KHPGGTSV43H3VZVW1AN8KR1W,694,Minor,Ambulance,9220,N
01KHPGGTSW6WC0ZDHAWBKFVGK3,203,Major,Police,3757,N
01KHPGGTSXC6CPHRKZH8B2ZRS4,182,Trivial,Police,12678,N
01KHPGGTSYRG5Y8ZB2E3E2DZWQ,60,Minor,Fire,13455,N
01KHPGGTSZNX46N4KF09ZRWZKY,221,Trivial,None,10471,N
01KHPGGTT0ZR3BH8N1VD9E4AV9,834,Minor,None,795,N
01KHPGGTT121PVS0TC59BKF1ZN,662,Total Loss,Fire,3091,N
01KHPGGTT2HQ3Q85N823FE40A1,137,Total Loss,Ambulance,1430,N
01KHPGGTT30CMWFFTSENP2QVVQ,210,Major,None,12008,N
01KHPGGTT4NA5B011GEQA907MS,939,Total Loss,None,12980,N
01KHPGGTT5961F759EJ1R4VA8C,171,Total Loss,Ambulance,12364,N
01KHPGGTT6KBKKHTZTPYA6HP3K,443,Total Loss,Fire,13444,N
01KHPGGTT7R2C4GHH4VKBRZTE3,699,Trivial,Fire,7952,N
01KHPGGTT8WCAX6J01KKXRGB3V,920,Minor,None,10625,N
01KHPGGTT91HFMCRW773V3MFR5,891,Total Loss,None,3284,N
01KHPGGTTACEDA31P3GM8NVX79,508,Major,Ambulance,2650,N
01KHPGGTTBD5CVRWQCYBWHVM6N,993,Minor,None,13319,N
01KHPGGTTCRQY0GVX9TX6VCM5H,525,Trivial,Police,2582,N
01KHPGGTTDYFKY9MC6MZ0H3DSJ,519,Major,None,14214,N
01KHPGGTTEMBSPNPTAPXRY7TF8,439,Major,Police,9568,N
01KHPGGTTFC80ZJ7N6YK6JEARN,414,Total Loss,Fire,4987,N
01KHPGGTTHCX9139TDZAP2XE7M,167,Total Loss,Police,4546,N
01KHPGGTTJGKAGASEEAF0TMQ0B,644,Total Loss,Ambulance,9655,N
01KHPGGTTM7FYX7X8PV9EYPMRX,797,Trivial,Police,9606,N
01KHPGGTTNZ4AHAHBG6ZMBSXHW,169,Trivial,Ambulance,14630,N
01KHPGGTTP8RCS5TBK53028D5E,697,Total Loss,Police,6036,N
01KHPGGTTQZAFPW0PT691V54SW,901,Total Loss,Police,9661,N
01KHPGGTTRBXC7FD0MF1Y1R4TB,629,Minor,None,8936,N
01KHPGGTTS7641APN8NSZZ5ZE0,231,Major,Police,3649,N
01KHPGGTTTAR0PSHZD5DR73T4E,692,Trivial,Ambulance,5903,N
01KHPGGTTVB81TKZA6K2M7D9Y3,297,Total Loss,Fire,12773,N
01KHPGGTTWRB1GE2DXNGKFV5DJ,491,Total Loss,None,14416,Y
01KHPGGTTX4KZ5CX33M5HZ2ZGK,159,Major,Ambulance,6979,N
01KHPGGTTZJNTE7E5CWGVGCVYG,567,Minor,Police,7084,Y
01KHPGGTV0K0NEAV86MFKWH348,837,Total Loss,Police,13603,N
01KHPGGTV192GW4X1A00WM2W3B,113,Minor,Police,10441,N
01KHPGGTV24PXE82WW53DBKKAP,765,Total Loss,None,9594,N
01KHPGGTV307AFK5CV76ZNYV2P,744,Minor,None,12135,N
01KHPGGTV492CD09KYN8WEBJ3W,956,Minor,Police,13191,N
01KHPGGTV5ZB3NPNZK0WCPF01D,870,Major,Ambulance,4914,N
01KHPGGTV61G01M1ZD2DA51T1H,312,Minor,None,3571,N
01KHPGGTV7HCY15M0YTSY8Y3PW,727,Minor,Police,14457,N
01KHPGGTV88C9BH78ZCK5PT4ZW,502,Major,Ambulance,11813,N
01KHPGGTV9HZD6W9KFCS074E7N,259,Trivial,Ambulance,7401,N
01KHPGGTVAHJ5MFJPT466F8B19,925,Total Loss,Police,953,N
01KHPGGTVB86PN9A84HSHQPARJ,668,Major,None,14857,N
01KHPGGTVCF2Z61CH2GES4VSNR,836,Minor,Fire,10157,N
01KHPGGTVD6ZYBWCFZ8MYJMP1G,716,Minor,None,4971,N
01KHPGGTVEV2TR79F8EQWDW1XW,914,Minor,Ambulance,3807,N
01KHPGGTVFX8714S9W73GBYQZ4,638,Major,Ambulance,13686,N
01KHPGGTVGH0YQQTSNFYE2Y52G,365,Major,None,7711,N
01KHPGGTVH3Y4BMN7EE30HAHR6,424,Trivial,Ambulance,1398,N
01KHPGGTVJAKVQS3TF5G4BW0CY,123,Trivial,Police,11855,N
01KHPGGTVKX8QRZVKC4KKJKB7S,627,Major,Fire,14590,N
01KHPGGTVM2JMR7N9X6HGYE2P4,478,Major,Police,6221,N
01KHPGGTVNJZ5GK0XFT2X2FRAP,293,Major,Ambulance,3564,N
01KHPGGTVP85VGKRJ1HPNSG9V5,573,Total Loss,Police,11710,N
01KHPGGTVQKGJ67F92G3MGPWSF,753,Total Loss,Police,8740,N
01KHPGGTVR1DF1T90TZP1P1W6Q,949,Trivial,Police,11194,N
01KHPGGTVSJ4AYM2REZ5HXM9TW,717,Major,Police,7231,N
01KHPGGTVTQCKBPFM3DX2Q7N81,193,Major,Ambulance,5784,N
01KHPGGTVVM7VJANVJ915PG2N1,115,Major,None,1517,N
01KHPGGTVWCQFC96YERTCBD98H,445,Major,None,1537,N
01KHPGGTVYA71A0TNVZM912FDW,68,Minor,Police,619,N
01KHPGGTVZ3MQD47S4FJMT0MJ9,805,Major,None,888,N
01KHPGGTW0M1FE3EPKNX21FT4F,688,Minor,None,8533,N
01KHPGGTW26M0VWF6KZSRGA3MM,625,Minor,Fire,1240,N
01KHPGGTW31Y0RZH0R5FA72AEB,616,Major,Fire,2267,Y
01KHPGGTW4QGZMGTF4MS6AJ16J,652,Trivial,None,6886,N
01KHPGGTW57RYN1RF1C6XF34FB,446,Trivial,Ambulance,4898,N
01KHPGGTW8NJ28K2KW0CM0VW1V,398,Total Loss,Police,12593,N
01KHPGGTWAJBYEACPVC7CXYN80,104,Total Loss,Fire,4581,N
01KHPGGTWDMQ69TM7BMX95YSH1,364,Minor,Fire,3864,N
01KHPGGTWF2GR7ZYHC142VS9NA,112,Total Loss,Fire,4940,N
01KHPGGTWJGCXHP12ZDXEWC3F1,839,Minor,Police,12004,N
01KHPGGTWMR6GF5WT6JQ342PR8,486,Trivial,Fire,4866,N
01KHPGGTWQJPXBP7RPGC2997VS,191,Major,Police,4953,N
01KHPGGTWS62EAFNCVPTJWRSAB,618,Trivial,Ambulance,3049,N
01KHPGGTWVZQ1BRFEDRQHQJE0F,903,Trivial,Fire,7224,N
01KHPGGTWYQXF4KZ8QCS9GQ7DC,397,Minor,Fire,12587,N
01KHPGGTX1QJ6ETPSE942D3Q95,889,Minor,Fire,5609,N
01KHPGGTX31MDWRZM12WDHFGDT,665,Trivial,Ambulance,6775,N
01KHPGGTX69C0ZS1DBK6WTSPTA,484,Trivial,Police,9846,N
01KHPGGTX8JY76992AD2NKM5Q3,513,Total Loss,Fire,8252,N
01KHPGGTXBD4SRY37CEDXAEY7A,469,Total Loss,Police,14016,N
01KHPGGTXD0KWPJ5BZPCJDA4SX,684,Total Loss,None,4960,N
01KHPGGTXGSQW6B4PVEQ2KNJ3T,176,Total Loss,Police,5462,N
01KHPGGTXJX0FRYQH3NZEAG733,868,Trivial,Ambulance,8748,Y
01KHPGGTXMHV0KX4F2RS4RW87A,943,Minor,Police,12358,N
01KHPGGTXN1JJTTCBFKGSR8CDT,648,Minor,Ambulance,3178,N
01KHPGGTXP5T6FKC3K4RDFS7RV,4,Trivial,Fire,2957,N
01KHPGGTXQVKGFSZ575YJVXMT1,460,Trivial,Police,11730,N
01KHPGGTXRCVFXWQA73TMWE7YJ,285,Trivial,Ambulance,3248,N
01KHPGGTXT6DA4B77SSG8YXN4E,726,Major,None,5159,N
01KHPGGTXV4HG7N9CD7ANSDE0W,269,Total Loss,Ambulance,11352,N
01KHPGGTXWEMCB31BW3FVZJ51R,1,Major,Ambulance,13879,N
01KHPGGTXXE526BJ5NQJGHY12V,574,Major,Police,6891,N
01KHPGGTXYQ1X0JXY0PCYJXA9P,854,Trivial,None,12084,N
01KHPGGTXZYMSA6HVP90B0SHWW,781,Trivial,None,12020,N
01KHPGGTY0ZPTQ8V1FGC0TNHNC,804,Total Loss,Police,8154,N
01KHPGGTY1V5ARSMRKRYM19967,204,Minor,None,7633,N
01KHPGGTY280GKAWYR5HV98D4K,416,Minor,Fire,2106,N
01KHPGGTY36ZJJK3P1N4VBWXSB,245,Minor,Ambulance,5867,N
01KHPGGTY5J6AN384PJVRNX2AZ,102,Total Loss,Ambulance,10028,N
01KHPGGTYKWP8KDJXTS24QT5ZW,552,Total Loss,None,5410,Y
01KHPGGTYMKZ083TW51TRQ98T3,510,Major,Ambulance,6059,N
01KHPGGTYNZ4QT8R6GEQB677HN,438,Total Loss,Ambulance,831,N
01KHPGGTYPHE24G3GSXK2NP9X3,649,Trivial,Ambulance,4515,N
01KHPGGTYQDY7Q0HAZF7TNCDCR,215,Trivial,Fire,6883,N
01KHPGGTYRFCYBXVARWPBV36EW,983,Major,Police,8691,N
01KHPGGTYSYK9K7XBM3832DJ38,233,Total Loss,Ambulance,11720,N
01KHPGGTYV7FVM2GS560S37Q1X,105,Minor,None,14561,N
01KHPGGTYW26VQES7Z2X0E4KEE,384,Total Loss,None,13148,N
01KHPGGTYXP5TG0EN6YZR5BG3X,429,Total Loss,Ambulance,12687,Y
01KHPGGTYY6E2ZS23FZGDM82MN,762,Trivial,Police,8329,N
01KHPGGTYZ600N1PE389NJ760N,907,Trivial,Fire,5400,N
01KHPGGTZ01BJA4X05NDT316W2,761,Minor,Fire,12373,N
01KHPGGTZ1W1G516B5EXAZGFKZ,256,Total Loss,Fire,10703,N
01KHPGGTZ29Y2K58HW3383D08V,807,Minor,Fire,6073,N
01KHPGGTZ3TMST3B54R9R3Y2HT,262,Major,Fire,14968,N
01KHPGGTZ44JAMK8XKNTZTP6HV,229,Trivial,Police,2189,N
01KHPGGTZ63622KJWE8KJNSFQA,241,Major,Police,10514,N
01KHPGGTZ7BC61VYR0KW4Y76RA,455,Total Loss,Ambulance,5467,N
01KHPGGTZ889K9E0SRN105D7Z1,212,Minor,Police,517,N
01KHPGGTZ9X0KDPZMFJ6ZJAE3H,372,Minor,Ambulance,11991,N
01KHPGGTZABMWTHTV54ZT4H1RH,591,Trivial,Fire,4495,N
01KHPGGTZB07NJMQ7Y7T3HCW85,524,Minor,Ambulance,7388,N
01KHPGGTZCRBNKZR225Z49SEFG,44,Total Loss,Police,661,N
01KHPGGTZDJNMHJZRH15QJQ1H4,477,Trivial,Fire,10359,N
01KHPGGTZEZJ1H7MN84PN8ET0R,119,Total Loss,Fire,10583,N
01KHPGGTZFYNSQVVVX1JJKSSDR,82,Minor,None,869,N
01KHPGGTZGG7WX0BWX31C58SP6,492,Trivial,Ambulance,11972,N
01KHPGGTZHF9XE91N86A3KKKKF,395,Minor,Ambulance,13181,N
01KHPGGTZJWQ6W021DXDMESBV7,408,Trivial,Police,8784,N
01KHPGGTZKTQ7AK8H0E9Z6R6WM,418,Minor,Ambulance,8406,Y
01KHPGGTZM857W4BVPMPSC4EEB,114,Minor,Ambulance,1068,N
01KHPGGTZNGAM25GNE17FST1G1,564,Trivial,Fire,987,N
01KHPGGTZPJ94J6KEHKS6TMQ8Q,673,Minor,None,3836,N
01KHPGGTZQT40FSAZHVF2W14QC,838,Major,None,1303,N
01KHPGGTZR174KPKA1HMRJFW7T,208,Major,Fire,2371,N
01KHPGGTZSTTZQX4R2EP3GCBP0,600,Minor,Ambulance,10359,N
01KHPGGTZT1Y8X72HFFCCVMBV1,3,Trivial,Police,13265,N
01KHPGGTZVE7W7H6WPM0MX4TMS,789,Major,Police,4497,N
01KHPGGTZWXYJ5JR43M3JXPGY5,503,Total Loss,Ambulance,11666,N
01KHPGGTZXR7MGFK8FJYSAHW1T,447,Minor,Ambulance,575,N
01KHPGGTZYKF61J1MGBSXS6H7R,383,Major,None,5777,Y
01KHPGGTZZNC8T2843N9C10J3V,287,Minor,Ambulance,6895,N
01KHPGGV00DPKSYAG4SQ48KPQT,72,Minor,Police,13250,Y
01KHPGGV01JQF7EY1RABQVG10Q,657,Trivial,Police,1977,N
01KHPGGV02PRZZ7P66GC97BXCH,276,Minor,Fire,3326,N
01KHPGGV03JJ3KBQREYRVJ0EP2,10,Trivial,Fire,12256,N
01KHPGGV0452G3Z2GHY0NHT3DC,938,Major,Police,7727,N
01KHPGGV05QD394GHW5PNWQ2G4,780,Major,Fire,14052,N
01KHPGGV06VE6F3FDD47JY9439,742,Minor,Ambulance,12570,N
01KHPGGV0776NR2VTS3ZXWQC3F,347,Major,Ambulance,11543,N
01KHPGGV087AXE6R675WVXD7QH,955,Minor,Ambulance,9931,N
01KHPGGV09H3JPV5K99XYSKQ1R,52,Major,Ambulance,13790,N
01KHPGGV0AHYWBSRJKSQWND3SC,900,Minor,Police,4776,N
01KHPGGV0BHVFFXN9E992FPF4B,578,Minor,Police,10220,N
01KHPGGV0CDAY2J2E4T25KTATX,249,Total Loss,Police,6848,N
01KHPGGV0DT2JPG87G5YX87TWR,725,Major,Police,907,N
01KHPGGV0EWAM70KN4WN84GPEE,225,Minor,Police,5410,N
01KHPGGV0FMYD9T6BYWSEMFKJC,589,Trivial,Ambulance,10925,N
01KHPGGV0G3F41K79Z4RMP4SVC,964,Trivial,Fire,3539,N
01KHPGGV0H0XT0A1S6P0BQZGWY,412,Trivial,None,5412,N
01KHPGGV0JW3DDZRZA11VYK8A8,771,Total Loss,Fire,12005,N
01KHPGGV0KQHA44SQN3KJZVSBR,295,Trivial,Fire,11758,N
01KHPGGV0M5NE8MFGR8ATY1ZRW,977,Total Loss,Fire,13396,N
01KHPGGV0N2MAK5BEE9RDJFZV6,80,Minor,Police,11909,N
01KHPGGV0PTRDFJKTVDA3BDYGV,504,Minor,None,8362,N
01KHPGGV0QYSBJQM714AD11MTW,71,Major,None,8682,N
01KHPGGV0RGPX8KVTSKVCEND0E,710,Major,None,8777,N
01KHPGGV0T6WQQZDZ4RHKFGMMM,281,Minor,Police,2406,N
01KHPGGV0V9KRZTX5JRZKWB4XH,568,Major,Police,7880,N
01KHPGGV0V3P1S3GW1KJCJMR6V,186,Trivial,Police,4559,N
01KHPGGV0WCXSTDK0V8A94V4XA,918,Minor,Police,5182,N
01KHPGGV0YPC5K0MGQFRMT0WM4,795,Minor,None,4662,N
01KHPGGV0Y164Y059NFEJ0KX2C,275,Major,Fire,13977,N
01KHPGGV10V53G0TZW3A896014,335,Minor,Ambulance,12725,N
01KHPGGV11E3T9Z4KP3XGAD3PD,991,Minor,Fire,1445,N
01KHPGGV12KB25BSTVJH7FJQHA,368,Trivial,None,4211,N
01KHPGGV13ZE4CSB19GF8ARP4N,185,Minor,Fire,10192,N
01KHPGGV1509GJ9AD3NEA1E0N7,284,Total Loss,Fire,738,N
01KHPGGV16MYPTCAFESVGSGR6N,507,Trivial,Police,13107,N
01KHPGGV17E2STH21KFRZZECRG,987,Minor,Police,9277,Y
01KHPGGV183XTCSM7PTXE5JTCW,298,Total Loss,Ambulance,7169,Y
01KHPGGV19YHW19BAQ186PAEKH,413,Trivial,Fire,13816,N
01KHPGGV1AWVBSBDFHNKE70549,831,Trivial,Police,13760,N
01KHPGGV1BQZ6746RQ4659V2Y0,604,Trivial,None,5889,N
01KHPGGV1CB8R6R3KZ78FJWV4E,785,Trivial,None,12901,N
01KHPGGV1DM6HMA6CNPMT66KG7,822,Total Loss,None,11925,N
01KHPGGV1EGH88F1D3J0YNQKRS,62,Trivial,Police,7486,N
01KHPGGV1F12SF09NGQKV2EDT4,483,Total Loss,Fire,11289,N
01KHPGGV1GG6429RJFXGDFRSQR,937,Total Loss,Police,4466,N
01KHPGGV1H2SAF1JVQP2WZHFG8,244,Trivial,None,11724,N
01KHPGGV1J7NGGT0ER9H2E0Z33,850,Trivial,Police,4193,Y
01KHPGGV1K9ES6CDB3769QFN2X,617,Major,Police,4194,N
01KHPGGV1MQ0KWA6ZQRD0G0GCJ,498,Major,None,12826,N
01KHPGGV1N5ABFZ4ZNKKKZT604,554,Minor,Police,2739,N
01KHPGGV1PMCKVEB76X8MSSQZA,128,Trivial,Police,6986,N
01KHPGGV1QZZA7Y6BPC9M0JZK8,206,Major,Fire,10132,N
01KHPGGV1R8WBN6G8WFMYA7SCM,358,Minor,None,4285,N
01KHPGGV1SJP9CJG1YQPV4E560,482,Major,Fire,5690,N
01KHPGGV1TPT5YZ6MDHTW1K5CP,283,Trivial,Fire,12754,N
01KHPGGV1W0A3A2YNFQ69HTEQ7,621,Total Loss,Fire,11441,N
01KHPGGV1YF1PY4955311RCENA,308,Major,Ambulance,12272,N
01KHPGGV209JWHE8RWQ4FM70MV,21,Minor,None,9298,Y
01KHPGGV229A575SF0KF69SKCT,346,Total Loss,Police,14908,N
01KHPGGV23XTEMHFG1D5ZA3C5E,190,Minor,None,2113,N
01KHPGGV244CVWHXBV40C2X2QY,27,Major,Fire,1831,N
01KHPGGV250VSSK12JQVRFXDD7,120,Total Loss,Police,4248,N
01KHPGGV2634R1TG84P5CWXC01,199,Trivial,None,12207,N
01KHPGGV27WGAJHZCYB7E6X1S9,728,Minor,Fire,5031,N
01KHPGGV28TZ3DSCVKS0GRDR3W,972,Major,Fire,8834,N
01KHPGGV29JSDD1C1PR7Q1AZTT,841,Major,Fire,979,Y
01KHPGGV2ACS51AZ9TBHCXP9CY,862,Trivial,Ambulance,10554,N
01KHPGGV2BMDQBG77Q83PCB3QX,235,Major,Fire,11775,N
01KHPGGV2CS1VMFCNMMWB37K4V,311,Total Loss,Police,14010,N
01KHPGGV2DQ1G2X4M7HQS1MDWF,767,Trivial,Ambulance,5454,N
01KHPGGV2EW8E2C42QBB7JWV3W,681,Major,Ambulance,13447,N
01KHPGGV2F1ZQ6FJXFMJ87SZ6Q,976,Major,Ambulance,7487,N
01KHPGGV2GSVNT8E0H3PNP3PSV,690,Total Loss,Police,1889,N
01KHPGGV2HX8GVAG5S0HE0A5CD,747,Minor,None,11917,N
01KHPGGV2JTWVWDNPP3NGQGBK0,917,Major,None,1533,N
01KHPGGV2KX9C3M96TVFHP6RN0,431,Total Loss,None,1712,Y
01KHPGGV2MPR96MG05CYKP8E9M,910,Total Loss,None,2962,N
01KHPGGV2NKY2XDFG30AMERJWY,91,Total Loss,Ambulance,1617,N
01KHPGGV2PF3HSQNTM142BJ3EY,701,Major,Ambulance,13083,N
01KHPGGV2QVJM1GYVWA1QFP970,181,Total Loss,Police,12337,N
01KHPGGV2RPVDK012WQPHVC1XT,961,Trivial,Police,7318,N
01KHPGGV2S0GX2RG6CGX7TCDT3,432,Trivial,Fire,3160,N
01KHPGGV2TSHRVXJ5X90VVNG27,821,Trivial,Ambulance,8655,N
01KHPGGV2V7W5E9WCF1XCHA0QG,462,Major,Ambulance,14159,N
01KHPGGV2WA05ZSS8ES59K6MKH,988,Total Loss,Fire,8897,N
01KHPGGV2XM23GN1W166HM8JRB,894,Trivial,Police,9146,N
01KHPGGV2Z25GHN6QH7X3A52N8,421,Total Loss,Police,1654,N
01KHPGGV2ZWZ9774NG32W9ZP16,266,Total Loss,Fire,2808,N
01KHPGGV30G5HFGY3N7TP9WM4Q,78,Major,Fire,14324,N
01KHPGGV32QQRA4J7ABFHGRHPB,188,Minor,Ambulance,14400,N
01KHPGGV32CW1GW1ENP70XEEWE,459,Trivial,None,7765,N
01KHPGGV33SSM4XAZ4SHSGZ71S,872,Total Loss,None,6536,Y
01KHPGGV3581V7534RWSEXYYNX,775,Major,None,962,N
01KHPGGV368W4CV4XES7YP2BMF,163,Trivial,None,11793,N
01KHPGGV37D2Z4EVFM2GYQCPWW,928,Minor,None,13919,N
01KHPGGV38AV0G0M8PKQ6DHBBZ,534,Minor,Ambulance,11375,N
01KHPGGV392BH9SCTG6N63H8HQ,962,Minor,Police,14573,N
01KHPGGV3ATRY0SYTXE070F7W4,280,Major,Fire,1144,N
01KHPGGV3BE7VBEW12ASF9KR36,680,Trivial,Ambulance,2580,Y
01KHPGGV3CFDY5MPXTHBC6MFF2,509,Minor,None,3672,N
01KHPGGV3DAE1PJ3K87AD4PAKJ,392,Major,Ambulance,2910,N
01KHPGGV3EZN7YFE61THG2VQFS,490,Total Loss,Fire,14584,N
01KHPGGV3F8TA2MA1BM9TBEYRE,273,Major,Police,2020,N
01KHPGGV3GY25NZ4ZH64XDXMTG,975,Minor,Fire,7061,N
01KHPGGV3HTRD8CXGTN50SC4ZE,264,Minor,Ambulance,6345,N
01KHPGGV3JS2H4RXTW9GKY0YBA,693,Total Loss,None,10823,Y
01KHPGGV3KG36T3JCRD1A7MDEF,936,Minor,Ambulance,8513,N
01KHPGGV3MJ3M718DJX4A739YG,543,Major,Ambulance,1765,N
01KHPGGV3N39G1WY4NMYKC3BKF,396,Minor,Police,7860,N
01KHPGGV3PBJWNDTKDCKVE1ZKF,218,Minor,Police,4414,N
01KHPGGV3Q4E3C5MP7JHMPQ2DP,18,Major,Ambulance,1158,Y
01KHPGGV3RVSRPD2RP21ZPWZ5C,782,Trivial,None,13424,Y
01KHPGGV3SFM09G58FF06CN20A,995,Minor,Police,2461,N
01KHPGGV3T2KXE3WTBF09B4AF1,514,Minor,Fire,9819,N
01KHPGGV3VW3TK5KC0SZDW1KXS,406,Total Loss,None,12831,Y
01KHPGGV3W8PT8SP4APYRS9VJZ,559,Total Loss,Police,10858,N
01KHPGGV3XAEMPD7PNNZR5DHES,770,Minor,None,1287,N
01KHPGGV3YQJV3ZZK62F9282KW,626,Major,Ambulance,4898,N
01KHPGGV3Z2KDH7CQ9S8A12ND1,683,Major,Police,7440,N
01KHPGGV40ND38T4QPPP7XTC2S,597,Trivial,Fire,10161,N
01KHPGGV41E4NZ57B6361CZYDD,111,Minor,Fire,4395,N
01KHPGGV42SRPHE42WFQ9T8VBA,265,Total Loss,None,5482,N
01KHPGGV43Z1S7044KFE6M1X3H,660,Total Loss,None,13876,N
01KHPGGV44HC45VZS1PE984REH,247,Minor,Police,10215,N
01KHPGGV46XRYCFNCBW55231MY,721,Trivial,Police,3223,N
01KHPGGV47WW22GK51BQ243GZ4,267,Minor,Fire,12456,N
01KHPGGV48PMRKKEW5VR3YK95Z,905,Minor,Police,2611,N
01KHPGGV49JKYSNNBSC50E3EAA,537,Major,Ambulance,12407,N
01KHPGGV4A47PD6JRZPZK01CG3,883,Total Loss,Police,13513,N
01KHPGGV4BP5R0VCXCY50K9B2E,751,Total Loss,Fire,1693,N
01KHPGGV4CF786HFPBYXP41KT2,967,Major,Police,1815,Y
01KHPGGV4DTGFDQGCPQ9S8PCEC,708,Major,Fire,14301,N
01KHPGGV4EXBCYGHPF8SKFWBRW,563,Trivial,Ambulance,6485,N
01KHPGGV4FJXBZNYTVBHPB5RXY,240,Trivial,Ambulance,6325,N
01KHPGGV4GVRDDEAJ59J46JKTH,405,Major,None,7150,N
01KHPGGV4HBQYN1944WX1R6DKJ,238,Trivial,Ambulance,508,N
01KHPGGV4JSQAA3V0ZGAZYW55K,844,Minor,Fire,3026,N
01KHPGGV4KSJ4C7HAWT91RW67F,539,Major,Ambulance,6236,N
01KHPGGV4MSHF2M4W9P4DSJ0XM,675,Major,Fire,12943,N
01KHPGGV4NNTQP9QEK33B3BN94,393,Trivial,Police,5905,N
01KHPGGV4PEXEER569PBFFBRPD,149,Trivial,Fire,13742,N
01KHPGGV4QK2P858W7QVJ6TMY2,387,Trivial,Ambulance,10448,N
01KHPGGV4RA2314WF3ZPJC9216,242,Trivial,Ambulance,7159,N
01KHPGGV4S88MT4AW6N4VDTHEN,704,Total Loss,Fire,7467,Y
01KHPGGV4T09PXRX945E68WHNY,651,Total Loss,None,2320,N
01KHPGGV4VYM6WEMC048R32WZK,527,Minor,Police,5993,N
01KHPGGV4XS2FSM2MMCHZ61DRZ,595,Total Loss,Police,4507,N
01KHPGGV4YD5QDNC08S5JMRD71,718,Major,Fire,3612,N
01KHPGGV4Z5MFQWD734VKYF1J9,921,Minor,None,10745,Y
01KHPGGV50SEKGW7QSSPDHCFYT,990,Trivial,Ambulance,702,N
01KHPGGV51WZH24J81Z4F8VDVQ,848,Total Loss,Fire,12317,N
01KHPGGV52Y7PHEW2NMDCHEPWC,856,Total Loss,Fire,4075,N
01KHPGGV536TSNB8ZCE6JYNP4T,779,Major,Police,4129,N
01KHPGGV5479B3313M6J5B9BRE,904,Trivial,Ambulance,9336,N
01KHPGGV55WJYQA4JVFD5V04KW,196,Total Loss,Fire,9027,N
01KHPGGV56TCBKQ9BFXVT9E0XG,730,Major,Ambulance,1215,N
01KHPGGV57G820Q92XWAJ93K33,26,Minor,Fire,9791,N
01KHPGGV58YB8X1M4K7FX29E3W,847,Major,Police,8688,N
01KHPGGV59SW4SZ4YEB1510Q4X,45,Minor,Ambulance,8468,N
01KHPGGV5A65Q3563AAS0BEKFD,607,Trivial,None,11961,N
01KHPGGV5BJZWASMVFFAKQBC6J,272,Major,None,4378,N
01KHPGGV5CN79050WVAEN4QNEG,146,Major,None,7602,N
01KHPGGV5D8P9ZGJFGMWWDY354,873,Trivial,None,3629,N
01KHPGGV5EK85H1N8989S9K5CT,615,Major,None,6137,N
01KHPGGV5F49GHC2VSF8RFRH3V,118,Trivial,Fire,7077,N
01KHPGGV5GWHZ2DEV7M1R9VNMY,305,Trivial,Fire,12934,N
01KHPGGV5HB2XEQPD51T3ZGNRD,140,Trivial,None,13083,N
01KHPGGV5JJEEMNGJF8J6HEZ5Y,619,Total Loss,Police,2762,N
01KHPGGV5KD9QH6PQQTRAZ91FX,759,Trivial,None,5169,N
01KHPGGV5MCGV5C7SYVE7TAQE4,890,Major,Ambulance,14884,N
01KHPGGV5NKG8KW6XFG7THAGQ1,360,Trivial,None,12448,N
01KHPGGV5P0X6AMHAQ7RAD2T7M,148,Trivial,None,4160,N
01KHPGGV5QDWQZT8PQJ8JB65J7,465,Trivial,None,5035,N
01KHPGGV5R28YTYSQTNYBSNRW8,461,Major,None,4163,N
01KHPGGV5SWW10ENPZ2XVKDBAJ,132,Major,Ambulance,14025,N
01KHPGGV5TVW0WJD9Y06E9HJH9,886,Total Loss,Police,9690,N
01KHPGGV5V0TADKZDAAPREW2P0,997,Major,Ambulance,5351,N
01KHPGGV5WM3HN8V8RDHWVSXNQ,250,Major,Fire,5357,N
01KHPGGV5XN5XPK4KDQXJ990MM,100,Major,Police,14287,N
01KHPGGV5YXMHSJAVR8SPPV01R,745,Trivial,None,5352,N
01KHPGGV5ZXFTEV1K65WKFTBST,359,Total Loss,Ambulance,3457,N
01KHPGGV60ZH3KCFW8GK9G5D6W,31,Major,Fire,4361,N
01KHPGGV61VNMZFE7PHQ5W06YT,756,Major,Fire,4961,N
01KHPGGV63S82MX3EW2GENT6XP,108,Total Loss,Ambulance,8342,N
01KHPGGV63WYXDQ68FQ6HCZ15W,942,Total Loss,None,8954,Y
01KHPGGV642G6DMSRTWTJRQW9X,887,Trivial,None,7192,N
01KHPGGV66VE5EGRS42M7Q9H4V,623,Major,Police,13687,N
01KHPGGV6650JX7KW4QRXWAE1M,846,Total Loss,Fire,14337,N
01KHPGGV675S85YBTAMHDWEGFK,184,Minor,None,10839,N
01KHPGGV685TTGW6D0QX54J4Q1,222,Major,Ambulance,9973,N
01KHPGGV69HT1P1M8BM0BYY0JW,303,Major,Police,4951,N
01KHPGGV6A7EB4ZCY0YH3399ZD,902,Trivial,None,1657,N
01KHPGGV6BXH0NYMEG92XH5TXJ,134,Minor,Fire,8979,N
01KHPGGV6CMJPDVYPNKWRARVTF,415,Total Loss,Fire,4326,N
01KHPGGV6D9STHWN0GXNPJCT8H,556,Trivial,Police,9045,N
01KHPGGV6EBP9Y9FD93TS5Y8QR,49,Total Loss,Fire,9942,N
01KHPGGV6FF5SH3F7R93TTEMW3,609,Major,Fire,8674,N
01KHPGGV6GHQW39H05E6R0J1BM,866,Trivial,Ambulance,7644,N
01KHPGGV6H1FR6E9HC4616FNPQ,915,Major,None,6210,N
01KHPGGV6JGNEVD35FJZMR4VV8,879,Total Loss,None,12304,N
01KHPGGV6KANSKVH0KD3YSM1NS,353,Minor,Police,8863,N
01KHPGGV6MVY9APZ72T5J3GX1S,546,Minor,Ambulance,9865,N
01KHPGGV6N6B0YPKH18WAP543C,377,Trivial,Police,14047,N
01KHPGGV6PEJT40A8GVGBKPEVX,378,Trivial,Ambulance,12791,N
01KHPGGV6QX2XMNN178TZVS4ZC,349,Total Loss,Fire,13292,N
01KHPGGV6RBETHEYQVB2KS2PF2,654,Major,Ambulance,12711,N
01KHPGGV6S4CH21806ZCQJATQ0,48,Total Loss,Ambulance,13996,N
01KHPGGV6TCYMCPYREVBP50X56,640,Trivial,Ambulance,1475,N
01KHPGGV6V0KD2BAXMT8Y6H4QA,476,Trivial,Ambulance,3769,N
01KHPGGV6WFNE5A74PK3ST0KQX,788,Trivial,Ambulance,7675,N
01KHPGGV6XEA8PX4JYF1AXKQVE,978,Trivial,Police,13282,N
01KHPGGV6YK1R8B3ZWRGA33381,351,Major,None,548,N
01KHPGGV6Z69GPG9E69NJEVP4D,289,Total Loss,None,13332,Y
01KHPGGV701G9NQKRP5AX23J6J,74,Minor,None,13878,N
01KHPGGV716XXGZXQQF5GQVK08,220,Trivial,Police,5749,N
01KHPGGV720D24GJ1A2F5PRYBN,793,Major,Police,4110,N
01KHPGGV73Q25WFF2J1NR4QWB7,252,Total Loss,None,7586,Y
01KHPGGV74AXF7924W5HQ9P9AC,106,Major,Fire,6929,N
01KHPGGV768CQZQ29M8RH13CK3,474,Major,Ambulance,13901,N
01KHPGGV77K53KH6CXPWTC6JP5,813,Trivial,None,11897,N
01KHPGGV78TQZ9NSG9E4989QV4,743,Total Loss,Police,7258,N
01KHPGGV79BFS8JYK7H7953DYE,703,Trivial,Fire,12853,N
01KHPGGV7AKW6RSZFNVHFZ0H03,293,Trivial,Ambulance,4722,N
01KHPGGV8K3RTDMKDWP87C7MC0,136,Total Loss,None,4257,Y
01KHPGGV8NYD5MEFBXDSG5625J,82,Minor,Police,3505,N
01KHPGGV8QZJ6Z3S8Y26CJSK1Y,304,Minor,Fire,11276,N
01KHPGGV8QHCVSEZP7MDJQT45N,386,Trivial,None,14563,N
01KHPGGV8RNR5ZEVX2HTBSV1KF,407,Major,Police,10689,N
01KHPGGV8TX82RKM3F7N897X42,100,Major,Police,13007,N
01KHPGGV8TMX1M4XF81GNMWFXQ,339,Trivial,Police,2860,N
01KHPGGV8V059EDJ54V6SAC0ZS,321,Trivial,Police,3280,N
01KHPGGV8WFGD16ND61YB6QG46,19,Total Loss,None,10872,Y
01KHPGGV8X9A6G739MJJ9KCS1X,912,Total Loss,Ambulance,3235,N
01KHPGGV8YP72CNDYBA0RK9P5N,677,Minor,Ambulance,6788,N
01KHPGGV8ZKT1KZ093R8FTMQ14,433,Trivial,Police,11052,N
01KHPGGV908G533BDPGVVA0YWR,111,Total Loss,Fire,14804,N
01KHPGGV92ESBPHZCTE990H2Z1,228,Major,Fire,4426,N
01KHPGGV93823BFKGSN1ZB0C5W,647,Minor,None,7973,N
01KHPGGV94H7232CNPTKHMWR79,609,Minor,Ambulance,4854,N
01KHPGGV95DBCSA2S39TAJCDKR,514,Minor,Fire,11328,N
01KHPGGV96M7T727D7YMJC4DMK,438,Total Loss,Ambulance,10116,N
01KHPGGV97PVTJ1CVKM8725H7A,852,Trivial,Fire,1542,N
01KHPGGV984K8Y1WH3FMT8WRQ3,464,Trivial,Ambulance,11671,N
01KHPGGV99W6BGCAA5N07B71XS,153,Total Loss,Ambulance,12506,N
01KHPGGV9AW5XKBFSVVWW1D2KJ,849,Trivial,None,13534,N
01KHPGGV9BC88GJZSHX9FX4CZF,841,Major,Police,8270,N
01KHPGGV9CKH6DXM6DJTVJWBJS,323,Total Loss,Ambulance,2427,N
01KHPGGV9DE5DBWRCTDHDB14TN,348,Total Loss,Police,7458,N
01KHPGGV9EBBSE5ZMDX59QHJTG,395,Total Loss,None,11552,N
01KHPGGV9FEDNH73TWTWYKD515,715,Total Loss,Fire,11251,N
01KHPGGV9G0F5PXKAS35BV9E9C,356,Trivial,None,7499,N
01KHPGGV9HRD31WK4WJ8GFC4KQ,247,Major,Ambulance,4238,N
01KHPGGV9J6TWSHA40VNNFJP8D,116,Major,Fire,6809,N
01KHPGGV9KX3EQGBQB7492K84Z,353,Total Loss,Ambulance,10817,N
01KHPGGV9MTRAA1YG2ACZ8JS26,389,Trivial,Ambulance,9869,N
01KHPGGV9NMT9SZP1TPPMN7YVJ,298,Major,Fire,11786,N
01KHPGGV9PSYR62TECYC2X04CY,539,Major,Police,8882,N
01KHPGGV9Q5C1RYXPCFPGZ17TE,674,Minor,Fire,7351,N
01KHPGGV9R6VYWQGANXH9SCBFE,783,Major,None,5811,N
01KHPGGV9TS2D7WZFVCTMSEVN6,284,Major,Fire,1460,N
01KHPGGV9VHY2YR7YA81JBGGFX,243,Total Loss,Fire,14729,N
01KHPGGV9WZEQEBS306K5MWQY3,398,Minor,None,12881,N
01KHPGGV9XR0P3GEZA2VP018HC,700,Total Loss,Ambulance,8891,N
01KHPGGV9YPFBTVMQ2GJSVH12H,765,Minor,Fire,8522,N
01KHPGGV9Z97NGE3HTK5NHZ9SD,160,Trivial,Police,14317,N
01KHPGGVA02PARAZJMZWX5HN82,775,Major,Fire,7078,N
01KHPGGVA1QNBXZGV447KTER3S,129,Total Loss,Fire,7628,N
01KHPGGVA2X4GWVB4ASVJVE5X7,63,Trivial,None,10306,N
01KHPGGVA3Q053MY4VR8HP5BKQ,536,Trivial,Ambulance,3416,N
01KHPGGVA4PHVAVRCFHE25FTV9,528,Total Loss,None,7217,Y
01KHPGGVA5N2YEMKQBTRBRCRCZ,989,Trivial,Police,11791,N
01KHPGGVA6RBZ7P9WSSZZQNHSQ,375,Total Loss,Ambulance,7132,N
01KHPGGVA7MRMJ968VDRFY6PDR,182,Major,Fire,3681,N
01KHPGGVA8C9PGMQCY41S7CEFN,567,Total Loss,Ambulance,11124,N
01KHPGGVA97CS37KAB49D3X0PZ,159,Trivial,Ambulance,8199,N
01KHPGGVAAQMFACSB6KQF2WTFJ,921,Trivial,Fire,10181,N
01KHPGGVABT6JQSS6A8BW0GS22,269,Total Loss,Police,9962,N
01KHPGGVAC8KTN2WTA479BAGH1,558,Minor,None,11760,N
01KHPGGVADZQ05QW0C0FRPD1GQ,379,Minor,Ambulance,3020,N
01KHPGGVAEEG17J78WRPW4JKRC,919,Minor,Police,3035,N
01KHPGGVAF1BFAGDKZM7B10872,495,Trivial,Ambulance,824,N
01KHPGGVAG2EGSZJ8T9MRGMHWQ,953,Trivial,None,11017,N
01KHPGGVAHR23YENQQ96MYG2C1,412,Trivial,None,10842,Y
01KHPGGVAJPVVYX99M9N5ZFGZY,448,Trivial,Police,1317,N
01KHPGGVAK359EB3FRE8G8E08T,800,Major,None,10209,N
01KHPGGVAMTHMAWYP0VBKH4GH5,876,Major,Police,13022,N
01KHPGGVANQDD406S8PYM5V1MD,442,Total Loss,Fire,3131,N
01KHPGGVAP7W6R9N61BAHREVMP,359,Trivial,None,876,N
01KHPGGVAQFJFPWSTPXW38YN70,638,Trivial,None,14124,N
01KHPGGVAQC0JDBZJ0YV945SG7,668,Major,Ambulance,12684,N
01KHPGGVARM62QZH6VNBGE2QAH,397,Minor,Ambulance,4452,N
01KHPGGVATKS4M89KYTWK5Y327,231,Total Loss,Police,6330,N
01KHPGGVAVRDPZJ3MR65S0H6RF,422,Minor,Fire,12876,N
01KHPGGVAVAE9F8FCPWAK66755,723,Minor,Ambulance,13159,N
01KHPGGVAWF5F7B9ZFS6JZX7X3,201,Total Loss,None,2041,Y
01KHPGGVAXCZ3XAFB9M6HXYBAR,212,Total Loss,None,10098,N
01KHPGGVAYVSQE9BDMT0ZV7V7T,859,Minor,Fire,14599,N
01KHPGGVAZYN31RVQ0EE6WWF4A,756,Trivial,Ambulance,7659,N
01KHPGGVB00A312MW8897X559R,319,Major,Fire,3257,N
01KHPGGVB1TZKKT4X9ZVP8BBDM,502,Minor,Fire,4523,N
01KHPGGVB2S79JP869BS8DMAEA,673,Minor,None,12923,N
01KHPGGVB31T1ENWSCVC6DT8RN,759,Minor,Ambulance,9121,N
01KHPGGVB47XNS5MQ13D0V0PZS,275,Minor,Police,5418,N
01KHPGGVB52VE85BV1W6R2E8AV,192,Total Loss,Ambulance,7238,N
01KHPGGVB6AXHX6VY8XKNEKPJB,426,Trivial,None,6479,N
01KHPGGVB7452Q4YV4VS7Z4CGV,391,Major,Ambulance,12957,N
01KHPGGVB8ZKQ343W8DFGY1XGN,455,Total Loss,None,5199,N
01KHPGGVB9EE3QF7M0PM15RCAQ,26,Trivial,Fire,2960,N
01KHPGGVBAQYX6AWWJYXVKJPN8,424,Trivial,Police,4256,N
01KHPGGVBBA7AJQRBYRXCTAWRK,544,Total Loss,Fire,6096,N
01KHPGGVBCN727W0YJEJZ50TJJ,120,Trivial,Police,1948,N
01KHPGGVBD8DGAJKAR0APRS247,949,Total Loss,Fire,3804,N
01KHPGGVBEZATMEJ88KFA4F9HE,278,Minor,None,9137,N
01KHPGGVBFX56M3WVGHX5THVRB,401,Minor,Police,3240,Y
01KHPGGVBGC9Y8A6B8KRNHXC5P,380,Major,Police,8808,N
01KHPGGVBHT2GT85WRVWK8RHT0,728,Minor,None,11598,N
01KHPGGVBJZ96YS6B6Y8J9SXK1,1000,Minor,Ambulance,1937,N
01KHPGGVBKP59BAHJ3TRZT1262,570,Total Loss,Police,4191,N
01KHPGGVBMZ6ET2RJQP4K44E5D,34,Minor,Police,11873,N
01KHPGGVBNSRPW3VR37R37HFW7,73,Trivial,Ambulance,12423,N
01KHPGGVBPC42SWHXBWKHQXEBQ,659,Trivial,Police,1979,N
01KHPGGVBQYBCMCBT44RJWQ2DZ,476,Trivial,Police,12650,Y
01KHPGGVBRMEWTDHAQZY47E3NV,65,Major,Ambulance,3483,N
01KHPGGVBT610QEV9X70RNRJJQ,774,Minor,Ambulance,4361,N
01KHPGGVBVKY1JENKTMZC9BZ9S,521,Trivial,Police,5824,N
01KHPGGVBWH2HM95649FQKVTE4,493,Total Loss,Ambulance,2818,N
01KHPGGVBX2PRFHBNANBHY5M4G,964,Major,None,14972,N
01KHPGGVBY7T2HM5PWV3K3K5XM,334,Minor,None,13033,N
01KHPGGVBZ0VESD476R2EZD3WG,416,Trivial,Fire,12088,N
01KHPGGVC0BQD4EZ4A88DW8Y8T,956,Major,Police,3534,N
01KHPGGVC1J1NE75G7BP6JEBXZ,562,Major,Ambulance,11458,N
01KHPGGVC2J4FCX58KMDF51AVF,865,Total Loss,Police,10104,N
01KHPGGVC37656TT0YEFZ1S0EY,74,Trivial,Police,11725,N
01KHPGGVC4J2SW8S93H6SG58X0,597,Total Loss,None,6499,N
01KHPGGVC5998MTS3GF33VK8FR,822,Total Loss,Fire,12446,N
01KHPGGVC6F26WWTWHZWNXYB6N,6,Total Loss,Fire,11528,N
01KHPGGVC7AJAEKA5QQYQ16D3M,950,Total Loss,Ambulance,14331,N
01KHPGGVC8KZF6541ANSDRDP5R,193,Trivial,Police,6004,N
01KHPGGVC9JFYCS1K4DK3WDY6F,127,Total Loss,Police,9538,N
01KHPGGVCARPCKRGDHR2PM8C8Q,257,Total Loss,Fire,852,N
01KHPGGVCBF1P0PQ4GRZ5BS4NK,98,Minor,None,13313,N
01KHPGGVCCEFK3N3C962D9NG1N,799,Total Loss,Police,4571,N
01KHPGGVCDBYDY90WVH9WVBT3Y,598,Major,Ambulance,14415,N
01KHPGGVCESJPNYB3599F615C4,242,Minor,Ambulance,8059,N
01KHPGGVCFMSPVY9B97BFFE4R7,288,Minor,Fire,6841,N
01KHPGGVCG0M1H6D9BVDY1E9WW,870,Major,None,2737,N
01KHPGGVCHYV151RRPV5BJ3KR5,489,Major,Police,12282,N
01KHPGGVCJJ6JVH8WEWQ1TBHZQ,92,Major,None,5537,N
01KHPGGVCKJ4X7AKT32XJNSB7P,944,Major,Fire,1492,N
01KHPGGVCMRA8JA9EA07DZENEN,628,Total Loss,Fire,4433,N
01KHPGGVCNPM1V1T0DZBK4DHVH,545,Trivial,Police,8102,N
01KHPGGVCPRX2XAX2D2N3F0G6R,283,Trivial,Police,2432,N
01KHPGGVCQ064KM9SMN3WWZJX5,975,Minor,Fire,13102,N
01KHPGGVCSERD06P267QV74QZ2,538,Trivial,None,13861,N
01KHPGGVCT902EMZSQRG1KV92Q,816,Trivial,Ambulance,10796,N
01KHPGGVCV5KJAT70PHJYQPHE4,299,Major,Fire,13065,N
01KHPGGVCW6EQEFGPFG625J6TY,957,Minor,Fire,525,N
01KHPGGVCX6R6E2XJQ5FAK0MD4,564,Minor,Police,8784,N
01KHPGGVCYGJ1BCZ6ZMARPNB8D,839,Trivial,Ambulance,7482,N
01KHPGGVCZSVRR19RBXGXMRBYK,249,Major,Ambulance,14277,N
01KHPGGVD09WTBQYBJ3NN628WG,222,Total Loss,Police,13319,N
01KHPGGVD1EEWAC0MT7W127DDK,56,Total Loss,Police,3850,N
01KHPGGVD2K54TDCXAA180PN5F,261,Total Loss,Ambulance,11118,N
01KHPGGVD38YM8X50ZVGQP8FMM,690,Trivial,Police,2154,N
01KHPGGVD4SF8J8EPC3FDJ8T1C,255,Total Loss,None,13469,N
01KHPGGVD5HQQM4MFWHFYP3KXV,959,Major,Fire,14000,N
01KHPGGVD6TMD6TS1YWKDVEMS7,462,Minor,Fire,13986,N
01KHPGGVD7H7DHHW6VXEAKH7FZ,724,Trivial,Fire,2242,N
01KHPGGVD88ZFJ4RM9T0GXD38B,470,Trivial,None,10907,N
01KHPGGVD9SH52F28T291NNBV9,714,Major,None,1402,N
01KHPGGVDBRH0R6DKGMVM66THC,320,Minor,None,14573,N
01KHPGGVDBXRK8C06QWP7XVHDH,491,Total Loss,Police,716,N
01KHPGGVDCDQQX3GP7YVXKW8RG,189,Minor,Fire,3610,Y
01KHPGGVDEXN1PYNBZA7RA8SSK,868,Trivial,Ambulance,8765,N
01KHPGGVDFH0GC30PZTB5XFQ5J,134,Trivial,Ambulance,9281,N
01KHPGGVDGEG2JND8K1K0XVG1Q,654,Minor,Ambulance,9643,N
01KHPGGVDHNCKKZJD24FRT6V54,157,Minor,Ambulance,2959,N
01KHPGGVDJE2F8K1YZ1HPMW0GC,191,Minor,Fire,6319,N
01KHPGGVDKCW891VZJEW0G6WZF,270,Minor,Fire,7689,N
01KHPGGVDMW8C13ZWCHCKPW08R,804,Major,Fire,5868,N
01KHPGGVDP4PHACFPAF2KN2HCQ,32,Trivial,Fire,2315,N
01KHPGGVDQA8XHGB0PMGVFZXA4,477,Total Loss,Police,10989,N
01KHPGGVDR9Z8KPJJM234B4T5G,829,Minor,Fire,3091,N
01KHPGGVDSRTEGF4A5E01GKG8V,387,Minor,None,6308,N
01KHPGGVDTJXR4PD3QFQGXWVVP,64,Total Loss,Ambulance,6915,N
01KHPGGVDV6M93JJTSW1YSX36D,834,Trivial,Ambulance,11251,N
01KHPGGVDW2TAJDRE6JHM03NAW,21,Minor,Fire,636,N
01KHPGGVDY3PJHVR3H790AXHAY,166,Total Loss,Police,7864,Y
01KHPGGVE0G7V0YXVZ2V2CP2JP,196,Minor,Ambulance,2946,N
01KHPGGVE18N2RJBDV5WTJZETE,307,Trivial,Ambulance,13504,N
01KHPGGVE4Q0AC6ZER51QZWMC6,454,Major,None,682,N
01KHPGGVE53HK8Q32BEM934EC5,421,Major,Ambulance,9104,N
01KHPGGVE67GH1YE55FCB4QBGQ,48,Total Loss,None,12353,N
01KHPGGVE7JEBHZYVNCHETC8TS,943,Major,None,3967,N
01KHPGGVE82J80B253E9W1DP3K,911,Trivial,Police,2095,N
01KHPGGVE9GPQ0XZ0BCJEX3GY8,897,Trivial,Fire,5649,N
01KHPGGVEAGQYNAPA16SYH4S0Q,812,Total Loss,None,9847,N
01KHPGGVEBSQ303T47YP9BJPA9,549,Minor,Fire,1220,N
01KHPGGVEDES1JHJ243XSXXV0E,732,Total Loss,Ambulance,5685,N
01KHPGGVEEN0VQXETDCWKBBZ9S,441,Minor,Fire,13481,N
01KHPGGVEFNAY4XBWFZP4BSMRD,900,Minor,None,4599,N
01KHPGGVEGEYQJ4RPZAJHR2N0X,472,Major,Police,13762,N
01KHPGGVEHPMXB1PKQ30PESF1H,662,Minor,None,11187,N
01KHPGGVEJEH7PDS6M6JDDYK7E,513,Major,Police,2881,N
01KHPGGVEKSQKZC6GXCRK3J5WS,836,Trivial,None,10977,N
01KHPGGVEM4WCHMNRCNP3R21KM,258,Trivial,Fire,7139,N
01KHPGGVENH3A686SN64F7YC1P,530,Total Loss,Ambulance,2727,N
01KHPGGVEPB3EFXEF7Z8PC030W,982,Major,Ambulance,13637,N
01KHPGGVEQYP4J24MP2S4TP2EV,658,Trivial,Ambulance,6185,N
01KHPGGVESYWAYY904M3GDCHAC,338,Trivial,Ambulance,5973,N
01KHPGGVETQCRZ1DM5XP9F213Y,722,Total Loss,Police,4576,N
01KHPGGVEVFR0CD0DXWSSFW5XG,636,Major,Fire,844,N
01KHPGGVEW9J0CHPX6FM4ZYFQG,457,Major,Ambulance,13233,N
01KHPGGVEZK1ATKRFV0VP72TC7,838,Total Loss,Police,12333,N
01KHPGGVF149R33BJQ2K9DFWZ7,434,Trivial,Police,5920,N
01KHPGGVF3GKG1ET91D3QW8YKK,613,Trivial,Police,6746,N
01KHPGGVF526TX7VDNH8CBQ6BX,629,Major,Police,1151,N
01KHPGGVF7AZMXVYEDBSY70CP0,769,Minor,Ambulance,11211,N
01KHPGGVF9C8SX86EAQ55RHPY0,410,Total Loss,Police,6629,N
01KHPGGVFAHWTZFH9WRYWK3XNS,988,Minor,Police,7122,N
01KHPGGVFCA3QTD9GYJR9B89Z8,980,Total Loss,None,13814,Y
01KHPGGVFFQDARY0A8NGTCDTS3,310,Minor,Fire,11227,N
01KHPGGVFH5RXCVDD7N38D0A68,965,Trivial,Fire,5589,N
01KHPGGVFKP8VAN63ZEAWHZWGA,39,Total Loss,Ambulance,3982,N
01KHPGGVFNV5849XR0EJ625YX0,504,Total Loss,Ambulance,5673,N
01KHPGGVFP9F3YXTWC4SMXMWNM,128,Trivial,None,3809,N
01KHPGGVFQYWP5PD1SHF0X426W,143,Minor,Police,8423,N
01KHPGGVFSC5TNB185JKE341GX,971,Major,Fire,5842,Y
01KHPGGVFT83WRTK9C7KHDZ9Q9,281,Minor,Ambulance,845,N
01KHPGGVFVAR1KQRYXS799GNEV,220,Major,None,8201,N
01KHPGGVFW45SBD4ERKK2XT3CN,874,Total Loss,None,10505,N
01KHPGGVFY0RT9ZKAE9P0JR5EF,707,Total Loss,None,14779,N
01KHPGGVFZENBY85DCV0HG611R,685,Trivial,Fire,9140,N
01KHPGGVG0QRMB3MNEH930F335,739,Trivial,Fire,1034,N
01KHPGGVG1Z9ACARRMYV6NZS37,217,Major,Police,3873,N
01KHPGGVG2QP53VD2J8R3NB8NF,330,Total Loss,Fire,3948,N
01KHPGGVG3SSE5E6MRC7NF7QN8,431,Minor,Fire,10644,N
01KHPGGVG4KTBFFETV1KD5PR43,925,Minor,None,4134,N
01KHPGGVG5N1Y4PCK6893HS6A6,661,Trivial,Ambulance,4660,N
01KHPGGVG6TSQ7YC08KBEM401H,286,Trivial,None,11647,N
01KHPGGVG7WW5Q8ZP6G3GFFGKP,828,Trivial,Fire,12724,N
01KHPGGVG94X3NX0BKRD5KMSW1,274,Trivial,None,853,N
01KHPGGVGAHR57S6RMRMRBJ43F,596,Trivial,Ambulance,10422,N
01KHPGGVGBBM27RKG8A5R8NESF,820,Trivial,Police,7099,N
01KHPGGVGD4T5302SQM4ZHEEFS,5,Major,Police,3250,N
01KHPGGVGFA2CCPSZYQTQD7K6F,497,Trivial,Police,13503,N
01KHPGGVGH4F0G1A16AEV3PJZ6,833,Trivial,Fire,13257,N
01KHPGGVGJHREFNWNXFNWG8KN1,390,Trivial,None,4606,N
01KHPGGVGMW4G8HQ5TANRH60PK,210,Major,None,13991,N
01KHPGGVGP5NG7240KA8KYJ4GW,979,Trivial,None,3671,N
01KHPGGVGQEMA74AHYVFT5SHNK,175,Major,Fire,4524,N
01KHPGGVGRY71QDKGARK2B0N3R,382,Major,Fire,10959,N
01KHPGGVGSTKR0WW91QSEHTH2V,998,Trivial,Ambulance,4956,N
01KHPGGVGTYDMY2E1FHJ3Z941Q,373,Minor,None,2830,Y
01KHPGGVGV41VNSGY8JSZDJETW,195,Major,Ambulance,4933,Y
01KHPGGVGWQ01XKCXF0BY1K1C8,420,Total Loss,Police,1254,N
01KHPGGVGXYEDAJCZCCPZAEFHJ,2,Total Loss,None,4463,N
01KHPGGVGZQ5NFSE3PC8E905WD,110,Total Loss,Police,2593,Y
01KHPGGVH1ND81X8FJXJ47XZ7W,757,Minor,None,3156,N
01KHPGGVH322JDWX4KXF9G379G,586,Minor,None,14811,N
01KHPGGVH5XW8BT2A5NVCDMRJ4,95,Total Loss,Fire,7824,N
01KHPGGVH7ZKCTYBK8CGY33E8T,537,Minor,Ambulance,13030,N
01KHPGGVH9A6BFSR1EGWGKDAJ3,152,Minor,None,8134,N
01KHPGGVHCBW2MM5GA2S1DJJQA,264,Trivial,None,9797,N
01KHPGGVHE34C32QR9DPYQ6N7J,253,Major,Ambulance,9715,N
01KHPGGVHGYJAH3T0DXJF6GF2E,848,Major,Fire,1968,N
01KHPGGVHH72Y85HT35XJE2C7E,644,Major,Ambulance,6920,N
01KHPGGVHJGC31XVGK6TQM64ZM,309,Minor,Fire,6332,N
01KHPGGVHKSBV5W16QSSHRRD9H,358,Major,None,11438,N
01KHPGGVHMW0D7K24AV234VGZG,701,Total Loss,Police,4432,N
01KHPGGVHN2G2VQEZY57ZEARRJ,138,Major,Police,11834,N
01KHPGGVHPJE1AG6EQFQMGCQS6,383,Major,Ambulance,14140,N
01KHPGGVHQDNR6JGNHM4RXG9WC,318,Major,Fire,12056,N
01KHPGGVHR6ZEWGM4JXF8KC8SP,887,Trivial,Fire,6818,N
01KHPGGVHTKC7F3QZXHE3GY739,109,Major,Police,4815,N
01KHPGGVHW6B868MSSZ0TPV0XG,308,Trivial,Ambulance,6439,N
01KHPGGVHXQSTXYNGX91AV24WX,219,Total Loss,Fire,8966,N
01KHPGGVHZE11VHMFEFYDSXRFP,712,Major,None,6260,Y
01KHPGGVJ16P52BGQKV0M96C19,920,Minor,None,4399,N
01KHPGGVJ2XQEQX727B0XSPTQD,291,Major,Police,13410,N
01KHPGGVJ4YVH4CMRVF61AD4VF,696,Major,Fire,3446,N
01KHPGGVJ6FDFE3QBS2T8EQP58,689,Major,Police,9781,N
01KHPGGVJ7F6316DRGS8DEX1FT,260,Major,Ambulance,3469,N
01KHPGGVJ9113PK5MWRNK2206J,699,Trivial,None,7368,N
01KHPGGVJAH38E0V2S7CKVV420,506,Major,Ambulance,11190,N
01KHPGGVJC12VJJDRQY5R4QVQ1,197,Minor,Police,3129,N
01KHPGGVJEHMV4W5DFCCBF6AAC,826,Minor,Ambulance,7888,Y
01KHPGGVJFGBKG84G3NBHKK0CG,931,Minor,Ambulance,14214,N
01KHPGGVJGBSZCY3YQZMSX7WGA,736,Major,Police,3096,N
01KHPGGVJH742ZEKSBDMCAK99T,875,Major,Ambulance,2249,N
01KHPGGVJJ8WH3KAX4WKW58ZKM,31,Total Loss,Police,12123,Y
01KHPGGVJKVFKNJ982CFKWFYGH,969,Trivial,Fire,6256,Y
01KHPGGVJM4302XGJ5372A13RN,940,Total Loss,Police,9412,N
01KHPGGVJN9XNDRQ8GK803Q0XN,607,Trivial,Fire,596,N
01KHPGGVJP19NS9DTSMDXPCARK,509,Major,Police,6947,N
01KHPGGVJQDHGYX14JX4ERSJG7,393,Major,Fire,14840,N
01KHPGGVJR9T41F0DP5RAGH104,404,Trivial,Fire,13982,N
01KHPGGVJTRJ6T13DXQZD1V9EY,367,Trivial,Ambulance,4851,N
01KHPGGVJV640QMA28TNPZKJ62,997,Trivial,Ambulance,13155,N
01KHPGGVJVW17STJAZNZ4CH1VC,482,Major,Ambulance,12061,N
01KHPGGVJWRDQDZZGPW6G6FPJ4,93,Major,Police,14520,N
01KHPGGVJYD31JPS7HCN81BG75,292,Trivial,Ambulance,10327,N
01KHPGGVJZ5QE75P9NEB4FV7VA,218,Total Loss,Fire,14862,N
01KHPGGVK0EQCNMPZ9EG778WVX,58,Major,Ambulance,5430,N
01KHPGGVK103YDDAKAXH4PP3KR,355,Total Loss,None,5162,N
01KHPGGVK2DM2BTPMVX4P0V0ZE,488,Major,Fire,7248,N
01KHPGGVK3KBJACS5NXKTFV1EH,362,Minor,Fire,4465,N
01KHPGGVK41ND90WRWPPE668DM,97,Total Loss,None,4389,N
01KHPGGVK5P5HV0PV44T7A6BWV,618,Major,Ambulance,8624,N
01KHPGGVK65JTQD93QA6H23B4A,508,Trivial,Police,12976,N
01KHPGGVK7V074VJQ0VSPTJKGR,498,Major,None,11223,N
01KHPGGVK8BNTKR0ZK1KMHYH70,779,Trivial,Fire,4349,N
01KHPGGVK958M3P66HTYCGYKFW,743,Total Loss,Police,10549,N
01KHPGGVKA9AVSFHTHK6J8EARR,898,Total Loss,Police,8592,N
01KHPGGVKBE6CY7GJXG8RW09G3,336,Major,None,12410,N
01KHPGGVKC6V256Y003DVP9BDR,357,Minor,Fire,3544,N
01KHPGGVKD8ZJGSRPDJ41ZWS5T,76,Total Loss,Ambulance,13157,Y
01KHPGGVKEQED1PW2PQXR27JHW,327,Total Loss,Fire,1032,N
01KHPGGVKFNHHE0X673F08ZT2Q,515,Trivial,Ambulance,6662,N
01KHPGGVKGEJ3CZMZYBGE6DDN4,365,Trivial,Ambulance,9789,N
01KHPGGVKG67WGZ5JB773Q9A7S,842,Trivial,Police,9824,N
01KHPGGVKHVJBJ8C9CJ1B7QQR4,137,Trivial,Fire,11317,N
01KHPGGVKJP8WTGD0HFDQ53T40,961,Major,Ambulance,14304,N
01KHPGGVKKBA97QVC3WVGDNT7W,992,Minor,None,1819,N
01KHPGGVKM34632V8A2RVGWK6G,148,Total Loss,Ambulance,9119,N
01KHPGGVKN6VHCFRN8Y9AHZ91D,695,Total Loss,None,14948,Y
01KHPGGVKPEVYTF971YZHKA8HV,873,Trivial,None,4394,N
01KHPGGVKQD0BGGS7HK1ZPEVDC,151,Minor,None,6765,N
01KHPGGVKRYT5N8Z1WQAXSMRNF,569,Major,Ambulance,9366,N
01KHPGGVKS7G8V5DE42EX57ACB,213,Total Loss,Fire,896,N
01KHPGGVKTFVEKTSZVNSXMFMC9,290,Trivial,Fire,12372,N
01KHPGGVKVDPZE5H9TF2ZADT8X,144,Major,Fire,1132,N
01KHPGGVKWV0BA3PFPCFF3APNR,768,Trivial,Ambulance,14332,N
01KHPGGVKWMTZPYW5VA92A3EM1,131,Minor,Fire,14726,N
01KHPGGVKXABE5V09B7RSWFVK6,814,Major,Fire,9312,N
01KHPGGVKYA8BAR3BQ40GAR5VQ,469,Trivial,Police,7140,N
01KHPGGVKZ8RKANZE5KG6ZJEEH,198,Minor,Ambulance,2084,N
01KHPGGVM0GR8AE6KA0ACZFF9D,259,Trivial,Ambulance,4212,N
01KHPGGVM21880AWNT4E6YB1HJ,656,Trivial,Fire,9779,N
01KHPGGVM3RE7PNYE481X8X47H,235,Trivial,Police,7086,N
01KHPGGVM4QYPQECK3KSN0KY5N,599,Minor,Police,8092,N
01KHPGGVM52XN4WR8CW63CG2FG,122,Total Loss,Ambulance,14119,N
01KHPGGVM6FB0X1JJQTCS3WK07,561,Major,Fire,8940,N
01KHPGGVM7MQDP84WZEKD3KMZ3,990,Trivial,Ambulance,11887,N
01KHPGGVM8FG84HREJNM8W2264,503,Trivial,Police,6756,N
01KHPGGVM95EGXBQVF7AN6RQX5,960,Major,Police,12367,N
01KHPGGVMA95M5PD8K7NPCSTS7,360,Major,Ambulance,12819,N
01KHPGGVMBASNN0YP1A8FQ2BJS,241,Minor,Ambulance,14602,N
01KHPGGVMC5SFMFAC84K5KYN6R,108,Trivial,Fire,12498,N
01KHPGGVMD97GAWYQTWN13513Q,369,Minor,None,13901,N
01KHPGGVMEC4NKXFR0SV46YSMS,687,Total Loss,Fire,1008,N
01KHPGGVMFHGFEF60YRE3KFNJE,149,Trivial,Police,681,N
01KHPGGVMGBFPAZ3SFDK9NQTWK,38,Minor,Police,11879,N
01KHPGGVMGK702ZE5AW3XYR0BQ,560,Major,Ambulance,9237,N
01KHPGGVMHX105Q5F3M2TSH97V,471,Total Loss,Fire,6806,N
01KHPGGVMJZBAKPRKZWF48NAQ3,913,Total Loss,Police,11556,Y
01KHPGGVMKXZS0D5CFBRQE426M,830,Major,Ambulance,9037,N
01KHPGGVMMRTJ3K6KTQS3NSBDS,793,Minor,None,3852,N
01KHPGGVMNR2KXST382EVQXVGN,840,Major,Ambulance,11617,N
01KHPGGVMPTX7ZQGRFR9F134K9,147,Total Loss,Fire,5549,N
01KHPGGVMQKNAWRSWKX5F19BB3,855,Minor,Ambulance,8168,N
01KHPGGVMR0J4NZRP5R43P07MH,450,Major,Ambulance,4730,N
01KHPGGVMSK1DKKCT8RFW9M9J5,344,Trivial,Police,5826,N
01KHPGGVMTDEDZ7K8HP4EXNZ8R,717,Major,Ambulance,778,N
01KHPGGVMVBBMY6CHYGN53WKVF,645,Minor,None,7579,N
01KHPGGVMWZAW5V9301XKE6RBX,615,Trivial,Ambulance,1534,N
01KHPGGVMX1G5CEN8H52R1D4CC,439,Minor,None,2720,N
01KHPGGVMY2ZAVFF0JZ17F5ZZ6,10,Major,Police,5420,N
01KHPGGVMZFXPT5M7K46NQ4P3S,237,Minor,Ambulance,4700,N
01KHPGGVN19CJV9DHX7P0D1VS9,316,Trivial,Police,1795,N
01KHPGGVN39CKR80VBEG5933F1,91,Trivial,Police,13888,N
01KHPGGVN5N66VNR2YDJFZYTEY,582,Minor,Fire,4273,N
01KHPGGVN7JFNWAKBY95SNB21C,272,Total Loss,None,9337,N
01KHPGGVN8T5XGAM6QY7XDSEWZ,349,Minor,Ambulance,9105,N
01KHPGGVN9STPAAZWNDYS3HJK7,52,Total Loss,None,9849,Y
01KHPGGVNAFYBFJZ7CEAAV8BT9,692,Minor,Ambulance,5947,N
01KHPGGVNB6V09XHW9ECEBB4JT,557,Trivial,Police,4156,N
01KHPGGVNCB9TAHW3WMN68FJRS,405,Trivial,None,1903,N
01KHPGGVND28NJAYKCRH0Y2S21,22,Major,Police,5608,N
01KHPGGVNEJF3XGS77DB5W932H,101,Total Loss,Ambulance,4917,N
01KHPGGVNFKE8XHV6RCM2TSPXH,893,Total Loss,Fire,11904,N
01KHPGGVNFS49TYCK5W7AQ4STP,473,Trivial,Ambulance,5991,N
01KHPGGVNGAASZYABD9C2K15ZX,453,Total Loss,Ambulance,2599,N
01KHPGGVNHXXCKBPHSA7H35T44,527,Major,Police,13718,N
01KHPGGVNJJ7528B7PVY7VSGS3,75,Major,None,14204,N
01KHPGGVNK310G7CP0X1MVWR44,803,Minor,None,12177,N
01KHPGGVNM97RYH137PH2BZ89C,45,Total Loss,Police,9216,N
01KHPGGVNN8819C6RF9TA31QQ4,311,Total Loss,Ambulance,7221,N
01KHPGGVNPNMWX6E2PKYW33MHN,750,Minor,None,13664,N
01KHPGGVNQX51NXEXCAMVDG7S0,332,Total Loss,Fire,13546,N
01KHPGGVNR4EY76RH0JSD30WKJ,574,Major,Fire,11442,Y
01KHPGGVNS51J964NW7VBJ5J3A,684,Trivial,Ambulance,12416,N
01KHPGGVNTJT3DSP6KJXTD5JZE,902,Minor,Fire,4489,N
01KHPGGVNVJF6XAZ84A3G9FC8A,973,Total Loss,Police,12115,N
01KHPGGVNWC67JMVAG0NZMT8Q7,663,Total Loss,Police,3587,N
01KHPGGVNXMWYY1RFS17HCW8AX,764,Major,Fire,5552,N
01KHPGGVNY695X675ZFV4VPVGB,817,Minor,Ambulance,972,N
01KHPGGVNZN19YB7252AQKBY6S,963,Total Loss,Police,10630,N
01KHPGGVP0AM475P0XN59Q4XFS,954,Major,None,5649,N
01KHPGGVP1ZXRGZDPKWGG62EVM,889,Trivial,Fire,6925,N
01KHPGGVP2AVZVSYWYW8XHZAGX,174,Trivial,None,4731,N
01KHPGGVP371EYXMEB4KWHM7GQ,206,Minor,Ambulance,2488,N
01KHPGGVP4N8XFM0MPH3XP8PRP,132,Total Loss,Fire,3641,N
01KHPGGVP4ASFJQ9EDDXCT5E08,923,Total Loss,None,7189,N
01KHPGGVP539RQMEKHV4NJ30SQ,150,Trivial,Police,4904,N
01KHPGGVP6Z6112M40NEKPP3MV,735,Minor,None,7829,N
01KHPGGVP7FH6A7ZA3C1Q51CPR,643,Minor,Ambulance,6236,N
01KHPGGVP8PVJVHRRBR32QNRS5,984,Total Loss,Fire,4168,N
01KHPGGVP9T44X7CGF60D68BK0,104,Total Loss,Ambulance,7704,N
01KHPGGVPAFRKEE7AAVWN53952,371,Minor,None,4641,N
01KHPGGVPBXKR23SKW1D5J6P95,755,Major,Ambulance,2944,N
01KHPGGVPCSZ8Y1CPG0P7X68WF,932,Minor,Police,3663,N
01KHPGGVPD9D96E9AZ7777K8J8,589,Total Loss,Police,6637,N
01KHPGGVPEHMM6WMPQ0Q3DSV3C,519,Major,Ambulance,1400,N
01KHPGGVPF5XXDXECT7FP599Q8,419,Major,None,552,N
01KHPGGVPGN33NGD25PB4SP65M,25,Total Loss,Ambulance,6596,N
01KHPGGVPJSCRZSJ0NKQHZT143,725,Total Loss,Police,7272,N
01KHPGGVPKEKP00B46S45VNXFT,948,Trivial,Police,4635,N
01KHPGGVPM6AR9W5RCM4QKD9XG,202,Minor,Ambulance,1284,N
01KHPGGVR2HCPEV90Z39Q2F0A6,827,Total Loss,Police,5894,N
01KHPGGVR4T8FZ4SB4YWT07JGQ,478,Minor,Fire,13929,N
01KHPGGVR53Z1D20HSPXDCTC2S,651,Trivial,Fire,6476,N
01KHPGGVR6G77QRGKBKM2VXM9S,176,Minor,Ambulance,13796,N
01KHPGGVR7ABCZ0KNNG7HDETJY,706,Total Loss,None,6238,Y
01KHPGGVR8P3F9B3PES0JXYVGS,927,Total Loss,None,7323,N
01KHPGGVR97EVYQAJ6QZRQ7D1B,704,Minor,None,3336,N
01KHPGGVRACZFCXQ2DWRH76JMY,541,Major,None,7281,N
01KHPGGVRBC1XAMEWBX1QN6JA6,769,Minor,Police,10569,N
01KHPGGVRC1FZFRGB7J0J013CG,569,Major,None,6989,N
01KHPGGVRDGA74ZW2Z3QSKG7MF,165,Trivial,Police,2459,N
01KHPGGVRE258G08PCQWKTAG8S,361,Total Loss,Ambulance,8830,N
01KHPGGVRFWY81EKQWNQNFSDFB,661,Minor,Police,11196,N
01KHPGGVRGZQVS6T6XF9DPG2JR,682,Minor,Ambulance,12759,N
01KHPGGVRH4JWQ3QCRD60MJWNA,582,Total Loss,Fire,14629,N
01KHPGGVRJ8KK1K17FDCZV4RR9,742,Trivial,Ambulance,5503,N
01KHPGGVRKGYJA9260J64E2VTJ,759,Minor,None,13017,N
01KHPGGVRMB7KMJWX566Z3SRKD,480,Trivial,Fire,10668,N
01KHPGGVRNC4KQZF6S5H9DAYFR,95,Total Loss,Fire,5918,N
01KHPGGVRPAGD5JG5EQHMT9HR7,511,Minor,Ambulance,6780,N
01KHPGGVRQ47BVWT3PX5Y2VTKZ,65,Trivial,Ambulance,1195,N
01KHPGGVRRJ2VY4YRCFECZ5RAF,2,Total Loss,Fire,2478,N
01KHPGGVRS9ZQ0R5Y51S2JVHY5,119,Major,Fire,3932,N
01KHPGGVRTK48AT6JPCNPEB2Z5,563,Minor,Fire,5984,N
01KHPGGVRVN0BD8N1KPYTKJ6CK,18,Minor,Ambulance,9946,N
01KHPGGVRWTYG6YAQ5RXXQQZQ0,610,Total Loss,Ambulance,10383,N
01KHPGGVRX3XP32X7NBHHSQ59K,942,Total Loss,Fire,12634,N
01KHPGGVRYFPWXRABJ81X1KB2D,301,Minor,Ambulance,12992,N
01KHPGGVRZQXDH994BGT5V7052,774,Major,Police,7754,N
01KHPGGVS0AFNKGWN6A0J1B3TF,1000,Minor,Fire,8221,N
01KHPGGVS1PDAJ1SP9WYHXBS3F,173,Trivial,Fire,6287,N
01KHPGGVS2S6GF4A3JB5TNEY79,390,Total Loss,None,5802,N
01KHPGGVS3VK4YD3H9CCWNH6E5,980,Total Loss,Police,6295,Y
01KHPGGVS41VZ0KN7MBHCD3SRW,751,Total Loss,Police,9457,N
01KHPGGVS5R9QAD6PVFEY46M6V,184,Major,Ambulance,911,N
01KHPGGVS6HDSRC3W7EJ7436EJ,358,Trivial,None,14800,N
01KHPGGVS75XZT5AMAC72XQQ10,985,Minor,Ambulance,8662,N
01KHPGGVS8HGRH4M85ZGVGKSJ7,972,Trivial,Ambulance,7382,N
01KHPGGVS9H6E4PGE3FJSD2B42,802,Major,Ambulance,14621,N
01KHPGGVSAF2HHYVACEDV2YKJ3,954,Minor,None,1097,N
01KHPGGVSB23H90E6YRNN0XSEF,963,Trivial,Ambulance,2218,N
01KHPGGVSCY9EH5GRBHVVTSKZE,728,Trivial,Ambulance,1006,N
01KHPGGVSCSHW6C4RHJ16ND895,626,Total Loss,None,2349,N
01KHPGGVSEQX3BXPCFDMJVH5ZN,8,Trivial,Fire,2448,N
01KHPGGVSFRF0YS1FP58RD4F3R,162,Trivial,Fire,12029,N
01KHPGGVSGT703DY7WY7BEVVXD,555,Total Loss,Police,11820,N
01KHPGGVSHT3WKDPX4ZHXXP1JS,9,Trivial,Ambulance,12524,N
01KHPGGVSJHDT5MT8VFKV1SJD4,465,Trivial,Ambulance,5389,N
01KHPGGVSKMQWVZPTCW4JQRY7F,414,Trivial,None,5018,N
01KHPGGVSM6RPMV33ASAD3E5FK,475,Major,Fire,9376,N
01KHPGGVSNKZS5ES9EX2G20G33,268,Minor,None,1328,N
01KHPGGVSPC8T7X0T07A2JCQ31,106,Major,None,10887,N
01KHPGGVSQ4JM06R6KW20BDSMM,468,Minor,Police,10257,N
01KHPGGVSRBA3SX0FX3XPCS039,766,Trivial,Police,6026,N
01KHPGGVSS0KZ2AXJWBJ4N4ZSN,648,Minor,Fire,13327,N
01KHPGGVSTQJPM5VAGVH9ERCNQ,340,Major,Fire,7599,Y
01KHPGGVSVC0DPRGE3P1ZP9ZJ0,343,Total Loss,None,13209,N
01KHPGGVSWEWC5M9CH907FZVWH,395,Total Loss,None,11344,Y
01KHPGGVSXZTS3F1VSXSKWGD2C,279,Minor,None,697,N
01KHPGGVSY07XKFK1JB3P7945Q,756,Minor,Fire,14197,N
01KHPGGVSZNVXR19H35JYXPEXB,815,Total Loss,Police,6217,N
01KHPGGVT0Y0GDF81YDZY0NH9C,565,Minor,None,8240,N
01KHPGGVT1107TXP4FFJC5QE6E,378,Total Loss,None,9424,Y
01KHPGGVT2BTPR13E9DSP5P9GT,614,Minor,Fire,4659,N
01KHPGGVT3TYKE261JMZ8JQ4QB,305,Trivial,Police,7325,N
01KHPGGVT4JJ87V5AWG2AKT3R9,690,Total Loss,Ambulance,13006,N
01KHPGGVT5CJ8REW81XSER8RZQ,625,Minor,None,6076,N
01KHPGGVT6586DFEMM7Z3TJNNC,448,Total Loss,None,10704,N
01KHPGGVT7PC9J9FQHSTW4BQHS,98,Total Loss,Fire,5246,N
01KHPGGVT8S01NR0N5G1GNSVJF,670,Major,Police,14111,N
01KHPGGVT9SFTCRYH08A1TSK6A,444,Minor,Police,1848,N
01KHPGGVTADMFWGF0FB2PDPDMG,526,Major,None,5486,N
01KHPGGVTB2GRZBKT0GTS0A7DE,134,Trivial,Fire,8461,N
01KHPGGVTBBKPQSR16DE4ZWXWD,515,Major,Police,10789,N
01KHPGGVTD59DYK5BP71PYKXYF,241,Minor,None,3929,N
01KHPGGVTENBTHVPPZP276XJT3,929,Major,Fire,1517,Y
01KHPGGVTFC5RSTSND7GGV1MYH,122,Major,None,14114,N
01KHPGGVTGD9CGHQ998EVGQ9VK,283,Total Loss,Police,9304,N
01KHPGGVTH1MEJBGT2EC239K8H,161,Trivial,None,2652,N
01KHPGGVTJAMGB107JZF5H0713,189,Major,Fire,5161,N
01KHPGGVTK8YT6WZ20GDCXFM7Q,473,Trivial,Fire,8494,N
01KHPGGVTMHBEYYTQ7NW1P2Y2N,192,Trivial,Police,6098,N
01KHPGGVTNXVQN3Q7YF95XAYD1,525,Major,Ambulance,10653,N
01KHPGGVTPX6ZAXF3380WTD453,214,Major,None,1664,N
01KHPGGVTQ2TVASQRTZ7SQA1H0,862,Major,None,11937,N
01KHPGGVTRV5DRYZX0HSPD2BWF,384,Trivial,Police,11982,N
01KHPGGVTS79VP5PC5QAY77HFW,921,Total Loss,Ambulance,9523,N
01KHPGGVTTAWRYX94TGBCTBDFE,24,Trivial,Police,4839,N
01KHPGGVTVE21Z11J7YY1W39PQ,397,Trivial,None,4525,N
01KHPGGVTW5Z29XR666R11DW5W,236,Trivial,Ambulance,10004,N
01KHPGGVTX4NQWEZKVX8FNT8M1,335,Total Loss,None,3621,N
01KHPGGVTYHK2G9EPDX7E46F24,208,Minor,Ambulance,4008,N
01KHPGGVTZZ5BRQ4P9XRWQN63F,1,Minor,None,5596,N
01KHPGGVV0DEX6NC5QEPK9XK23,973,Major,Police,6365,N
01KHPGGVV1J36114YZBFY213W9,387,Minor,None,6019,N
01KHPGGVV2HQCJFWRNNBYDGRD7,635,Major,Ambulance,3189,N
01KHPGGVV3MDHRXNC00H0BSJ0N,334,Trivial,Police,11173,N
01KHPGGVWB8HR78WRQZGEVZN4S,901,Major,Ambulance,11398,N
01KHPGGVWCBG5KF6YPNBA997F7,60,Major,Police,9955,N
01KHPGGVWE52K65XEYW82JJ34F,112,Minor,Fire,7517,N
01KHPGGVWFCXZ193S9FME052VC,825,Minor,None,3510,N
01KHPGGVWGR4J6BX0J4AXN4D8Y,874,Major,Fire,7598,N
01KHPGGVWHQW9J935NH6CT6R5W,381,Minor,Fire,4700,N
01KHPGGVWJ8YCVPSH60KMXT8N1,692,Minor,Police,10757,N
01KHPGGVWKPA0XGB0XS2FRX43W,402,Trivial,Police,13388,N
01KHPGGVWMKXWFAVXSX8KFN86K,313,Total Loss,None,11776,Y
01KHPGGVWNP8JTD7PEP7BNT1WF,45,Minor,Ambulance,2756,N
01KHPGGVWPEYDJ2F5BPVNAF4ES,116,Trivial,Ambulance,2416,N
01KHPGGVWQC47BNYFTDG8PS400,842,Trivial,Ambulance,7458,Y
01KHPGGVWRNT883B9KQ3PA72W9,352,Minor,None,14638,N
01KHPGGVWSJZW8RENDS90SJDRD,317,Total Loss,None,11487,Y
01KHPGGVWTF4FBTQABMT3NQ3K7,925,Major,Ambulance,5829,N
01KHPGGVWVQFPNAXDGJHEJJBDN,411,Total Loss,None,6259,Y
01KHPGGVWXY6RJQE157E4R7TM5,697,Minor,None,6910,N
01KHPGGVWYEK048ZGZF0W4BWQ6,947,Trivial,None,699,N
01KHPGGVWZ9QNXEK4YTKJ42S7N,780,Trivial,Police,10694,Y
01KHPGGVX04PN9764PSRABZD4K,869,Trivial,None,9143,N
01KHPGGVX1KF05M88M7WM7HNW9,146,Total Loss,None,11652,Y
01KHPGGVX2WDWPHDE2B744JTP7,19,Trivial,Police,12939,N
01KHPGGVX3ZSPG1PPMB62AXSJ7,631,Minor,Ambulance,1390,N
01KHPGGVX4ZQT8K1ZQEGVXHB0R,149,Major,Fire,14508,N
01KHPGGVX5W5T3HNWQ24XXMAHQ,400,Trivial,Ambulance,11567,N
01KHPGGVX63WY552WM9NHQ1A2J,952,Minor,Ambulance,5290,N
01KHPGGVX7W73DNC8YQ4367W28,404,Trivial,None,2056,N
01KHPGGVX9J9FRPV7950DA63K4,228,Major,Police,8834,N
01KHPGGVXAKKRD2W56T1KNFM91,57,Major,None,14120,N
01KHPGGVXBZQ6P64SYNTB68H19,493,Minor,Police,9976,N
01KHPGGVXC3M2J8VJHWPAFV5EQ,860,Major,Police,3373,N
01KHPGGVXD67NYQ45HN53JZ84K,861,Trivial,Ambulance,9838,N
01KHPGGVXEHWKZ3X4KFYFJHHHM,946,Minor,None,14396,N
01KHPGGVXF0JFS5JKDM3KHD42R,918,Major,None,4192,N
01KHPGGVXGFEWQ80C2XARERAB2,194,Major,Fire,8451,N
01KHPGGVXJAX5Y48GX4771MAPM,709,Trivial,Ambulance,10750,N
01KHPGGVXK73NHJCG39RN2SJRX,799,Minor,None,8999,N
01KHPGGVXM5P2ARXTPWWPR1KA1,955,Total Loss,Ambulance,7834,N
01KHPGGVXNEP6MHRS9XG197D7M,633,Major,Ambulance,787,N
01KHPGGVXP7MY9QWEHXJP0ZN8C,203,Trivial,Police,10721,N
01KHPGGVXQNNNP283RRPE2BPB3,442,Major,None,11071,N
01KHPGGVXS03J63SF42N5176MQ,155,Minor,None,12428,N
01KHPGGVXTCHZV5AVDHDB7PRCS,649,Minor,Ambulance,12258,N
01KHPGGVXV6AER08M1F9262RSD,226,Trivial,Ambulance,13493,N
01KHPGGVXW482P8B4SPQQPDB96,671,Total Loss,Ambulance,14313,N
01KHPGGVXXDZQPGT8JCB8MHSBJ,451,Total Loss,None,9548,N
01KHPGGVXYF4XPWY0T6NZCCM5V,212,Total Loss,Police,4096,N
01KHPGGVXZ9YBVGZ83NHDV66JH,553,Major,Police,13132,N
01KHPGGVY092TNS9EH94YC5BJC,549,Minor,Ambulance,2982,N
01KHPGGVY271VCG9EVWCZMV1Y3,287,Trivial,Fire,1651,Y
01KHPGGVY3ZE305EP36GEY392K,512,Major,Ambulance,8756,N
01KHPGGVY4CZGHP19PWDQ0ZKB7,580,Trivial,Fire,1590,N
01KHPGGVY5ZJ5N7DDMXGCV4Y0R,516,Trivial,None,4021,Y
01KHPGGVY6JV8Q18BK5A7P7JCF,964,Trivial,Fire,11229,N
01KHPGGVY7GEQ7Q1FCQSZ449F9,961,Minor,None,1298,Y
01KHPGGVY8QQS1YWXNDXRTTB81,174,Trivial,Ambulance,12056,N
01KHPGGVY99T6WNPEFRZP6DQP6,712,Trivial,Ambulance,8477,N
01KHPGGVYARZ8Z1TTNYCHR4DTN,223,Minor,Ambulance,5125,Y
01KHPGGVYBBHXCSRWVF7A7485K,718,Minor,None,14498,N
01KHPGGVYCRWQF7WB9HSA2EY0W,142,Total Loss,Fire,7443,N
01KHPGGVYEAJ9PH2VNCH0YCHB2,102,Total Loss,None,1413,Y
01KHPGGVYF6ES9GRWWNG29YZ1T,702,Minor,None,3391,N
01KHPGGVYGAFF0B8TBEV4TN0KQ,237,Trivial,Police,12886,N
01KHPGGVYHSPCFFN6PRGRHZMNY,291,Major,Police,5424,N
01KHPGGVYJ8XTGXESNDQPY0FAF,558,Major,None,10520,N
01KHPGGVYK9CV7J63M1KSKK8H0,427,Minor,Ambulance,7304,N
01KHPGGVYM3Z0RMGGWQ3F7116P,437,Trivial,Ambulance,7881,N
01KHPGGVYNXFGM9P1XDGD12DDS,379,Trivial,Ambulance,1947,N
01KHPGGVYPYMHPP53KVN416PFE,443,Trivial,Police,5856,N
01KHPGGVYQF9X3N1B9NXFVYYP2,371,Trivial,None,5426,N
01KHPGGVYR11PDSE2GMQHVA2KW,745,Total Loss,Ambulance,14911,N
01KHPGGVYSZCDTTMJ4PSM2AMEX,6,Major,Ambulance,13046,N
01KHPGGVYTHWN1RXXY5C8M7A2H,898,Major,Police,1469,Y
01KHPGGVYWD8EJSTYB5EDZ0J53,640,Major,Police,3235,N
01KHPGGVYX9JFV3KBJWHPKH3SG,581,Trivial,Ambulance,5666,N
01KHPGGVYY3ZTMA9GE0CA0CQZV,463,Total Loss,Ambulance,11162,N
01KHPGGVZ0W6B4BEJ4A8FFBXSJ,175,Total Loss,None,9999,N
01KHPGGVZ1VPWWPVNNJM03S1WG,199,Major,Police,3015,N
01KHPGGVZ26QP3GYAM65JFN3SV,612,Major,Police,4325,N
01KHPGGVZ3155CC0S8C6NCHD7R,554,Total Loss,Ambulance,14073,N
01KHPGGVZ46FSV4WT94J0CGSBG,957,Total Loss,Police,13846,N
01KHPGGVZ59S7VJGX1EBYAW5VD,664,Total Loss,Police,3061,N
01KHPGGVZ6S0YCVNQT1TZQ7VWS,988,Total Loss,Fire,3630,Y
01KHPGGVZ7Z4D64SRCFZKHCWJ1,258,Minor,Police,14740,Y
01KHPGGVZ8EWTXMHYEP1Q5A27C,878,Total Loss,Ambulance,11886,N
01KHPGGVZAQ7EHNC2GWH6014DB,96,Major,Police,9102,N
01KHPGGVZBSEW1DATK2DDT6FEY,282,Trivial,None,6381,Y
01KHPGGVZCZNK7N7755CC665ZH,783,Major,Police,4139,N
01KHPGGVZDQFGMMBKQ478K5ETG,644,Trivial,Fire,10608,N
01KHPGGVZEDBE0DZ3KGVBVS3V7,897,Major,Fire,9784,N
01KHPGGVZFP6W3KBYQHDM164M1,531,Trivial,Police,10712,N
01KHPGGVZG54RGMVPWQAMCW7NR,90,Total Loss,None,6498,Y
01KHPGGVZH5T5BRVDCX3W1CDJS,738,Trivial,Fire,7939,N
01KHPGGVZJ06QSEHN6HX0QH627,772,Minor,Police,7003,N
01KHPGGVZKPFS2Z3Z9Z5CSM1W3,135,Total Loss,None,7584,Y
01KHPGGVZM7CZN10216JSKDBR5,752,Total Loss,Police,4509,N
01KHPGGVZN0BBZDJJTAR57PW64,164,Major,Fire,8467,N
01KHPGGVZPJDMXDDAJYG5A93N9,936,Trivial,Police,6777,N
01KHPGGVZQW4CWD8QGX32YA6PD,15,Total Loss,Police,10935,N
01KHPGGVZR77XP8M4SRXRFV14A,939,Major,Ambulance,9332,Y
01KHPGGVZS4DE8RYZ3NVB77KJ6,615,Trivial,Ambulance,9853,N
01KHPGGVZVCKEZYSXAFF337T07,838,Major,Fire,7373,N
01KHPGGVZWA9WECDB9KE8PJ48E,691,Major,Police,6497,N
